,sizes,times
0,1000,0.08845829963684082
1,2000,0.28565478324890137
2,5000,1.8542628288269043
3,7000,3.748563051223755
4,10000,8.55801510810852
5,15000,23.084169149398804
6,20000,43.611489057540894
7,25000,70.7699248790741
8,30000,102.66284823417664
9,45000,235.5498080253601
10,60000,414.73708176612854
11,70000,597.893278837204
